city_topic,city_origin,username,sex,user_personas
Firenze,Verona Italia,Alessio L,male,local,parking information
Torino,Torino Italia,Barbara M,female,sports enthusiast,event information, ticket booking
Genova,Bologna Italia,Lena D,female,tourist,find a hotel,safe neighbourhood,near city center
Sardegna,,Simone C,Errore di formattazione
Govone,Torino Italia,Barbara M,female,tourist,christmas entertainment,fairy tale tourism
Asti,Torino Italia,Barbara M,female,tourist,information, schedule, tradition
Firenze,,vale,uncertain,tourist,information, booking flexibility
Novara,Torino Italia,Barbara M,Errore di formattazione
Torino,Torino Italia,Barbara M,Errore di formattazione
Palermo,Milano Italia,anto b,Errore di formattazione
Lazio,Roma Italia,LuLa 🇮🇪 ☀️,uncertain,impossible,spam
Emilia-Romagna,,Flyingdream83,female,international family,nature access, cultural activities, social events, large garden home, less polluted area, proximity to soft pedagogy school
Torino,,Illy,uncertain,tourist,information on airport shuttle service, ticketing system details
Roma,Roma Italia,LuLa 🇮🇪 ☀️,uncertain,impossibile,spam
Abruzzo,Riccione,Sulej S,male,family tourist,family-friendly activities, pedestrian-friendly locations, dining options, evening shopping
Roma,Roma Italia,LuLa 🇮🇪 ☀️,uncertain,impossibile,spam
Sardegna,,Marco B,male,tourist,travel advice,avoid crowded places,budget friendly locations,destination suggestions
Provincia di Torino,Torino Italia,Barbara M,SPAM
Provincia di Torino,Torino Italia,Barbara M,female,culinary tourist,explore local cuisines, attend cultural events, visit local museums
Provincia di Torino,Torino Italia,Barbara M,female,tourist,unique experience, mountain biking, local guidance
Provincia di Torino,Torino Italia,Barbara M,female,culinary tourist,exploration, fun, culinary adventure
Genova,Provincia di,Gaucho Moralez83,male,tourist,seafood recommendations, travel advice
Castellamonte,Torino Italia,Barbara M,Errore di formattazione
Costiera Amalfitana,,Bernj,male,tourist,travel advice, transportation options
Torino,Torino Italia,Barbara M,SPAM
Siracusa,Padova,FistChef500,uncertain,tourist,bus schedule information, destinations within reach
Trentino-Alto Adige,Luzzara Italia,Emanuele D,male,mountain tourist,mountain touring advice,accommodation in shelters,non-vertiginous routes,avoid ice glaciers,panoramic views
Calabria,Trentino-Alto,mamanu,uncertain,tourist,travel recommendations,accommodation suggestions
Valle d'Aosta,,Alessandro M,male,tourist,accommodation recommendations, hiking information, forest extension knowledge
Provincia di Torino,Torino Italia,Barbara M,female,tourist,travel itinerary, road information
Torino,Torino Italia,Barbara M,female,sport enthusiast,sport event info,team updates
Torino,Torino Italia,Barbara M,female,cultural event enthusiast,information, event updates, networking
Roma, Italia,LuLa 🇮🇪 ☀️,dal 8 Maggio 2023 al 21 Maggio 2023,uncertain,impossibile,spam
Tresigallo,Firenze Italia,Brun066,uncertain,spam,impossibile
Padova,,Michela Franzosi,female,concert-goer,transport information, concert details, local guidance
Palermo,Verona Italia,SilviaP,female,tourist,information on transportation,lodging recommendations,travel itinerary advice,local culinary suggestions
Firenze,Firenze Italia,Carlina,SPAM
Santa Teresa Gallura,,Rosa P,female,tourist,travel recommendations, meal-options advice, transport rental prices
Sardegna,,Domenico,male,tourist,clean sea, sandy beach, public transport advice
Provincia di Monza e Brianza,,Cristian T,male,new local,local guidance, safety information
Veneto,Verona Italia,FelicianaF,female,single tourist,affordable adult-only hotels, silence and relaxation
Torino,,Giacomo L,Errore di formattazione
Torino,,Giacomo L,male,tourist,travel advice, weather information
Milano,Milano Italia,mariarita p,Errore di formattazione
Calabria,Milan Lombardia,Grazia D,female,tourist,trip planning assistance
Verona, Italia,FelicianaF,Buongiorno, qualcuno conosce Hotels sul mare solo per adulti ma non costosissimi?,uncertain,single tourist,affordable adults-only hotels, peaceful locations
Torino,,Antonio B,male,local,public transportation safety
Trapani,Sicilia Italia,max,uncertain,impossibile,impossibile
Provincia di Milano,Milano Italia,Fiore,uncertain,local,swimming pool recommendation,affordable entry fee,hotel admission,outdoor facilities
Friuli-Venezia Giulia,Verona Italia,FelicianaF,female,single traveller,affordable adults-only hotels,peace and relaxation,no families with children
Marche,Verona Italia,FelicianaF,female,single, traveler,affordable adult-only hotels, peace and relaxation
Toscana,Verona Italia,FelicianaF,female,single traveller,
Provincia di Forlì-Cesena,Verona Italia,FelicianaF,female,single tourist,affordable adults-only hotels, calm and quiet, no families with children
Provincia di Venezia,Verona Italia,FelicianaF,female,solo traveler,affordable adult-only hotels,sea location,quiet and relaxing environment
Como, Italia,davide,Ciao a tutti.,uncertain,tourist,transportation information,travel advice
Ascoli Piceno,Roma Italia,marina m,female,tourist,free parking information
Langhe e Roero,Bassano Del Grappa,Francesca P,female,tourist,touristic advice, dining recommendations
Provincia di Torino,Torino Italia,Barbara M,female,tourist,information about fruit fair
Torino,Torino Italia,Barbara M,female,cinema enthusiast,film festival information, cultural activities, tourism info, movie director info
Roma,Roma Italia,LuLa 🇮🇪 ☀️,uncertain,impossible,
Padova,Giovinazzo Italia,864zazza,Errore di formattazione
Lago di Garda,Ancona Italia,Sirol84,uncertain,tourist,tourist attractions suggestions,restaurant recommendations,gluten-free options
Sicilia,,roberto p,male,tourist,parking suggestions, avoid ztl zones
Borgo Valsugana,Firenze Italia,Brun066,uncertain,impossibile,spam
Roma, Italia,Iaia C,Per una fortunata combinazione di date , il prossimo fine settimana saranno visitabili gratuitamente i musei e parchi archeologici statali sia sabato 4 (per la prima volta si concede la gratuità nella giornata che celebra l’ Unità Nazionale e le Forze Armate) che domenica 5, come ogni prima del mese.,uncertain,impossibile,spam
Milano,,Isaakin75,uncertain,impossibile,change phone number, change schedule
Trieste,Firenze Italia,Brun066,uncertain,impossibile,spam
Emilia-Romagna,,Illy,uncertain,tourist,travel advice, public transportation, event recommendations
Padova,,Giovanni Frasca,male,potential tenant,searching for accommodation
Napoli,,Bruny68,uncertain,tourist,optimal travel plan,local cuisine recommendation,walking vs metro suggestion,site seeing advice
Toscana,Firenze Italia,Carlina,female,impossibile,spam
Gallipoli,Torino Italia,gio64torino,uncertain,tourist,avoid unfair fines, tourist-friendly practices, reliable parking regulations
Basilicata,,roberto p,male,tourist,regional weather info, travel advice
Catania,Ancona Italia,simela,uncertain,tourist,car rental,location information,price information,reliability
Reggio Emilia,Provincia di,Lucciolo65,uncertain,tourist, budget traveler, food enthusiast,affordable local dining recommendations
Roma,Roma Italia,LuLa 🇮🇪 ☀️,uncertain,spam,impossibile
Roma,Roma Italia,LuLa 🇮🇪 ☀️,uncertain,tourist, art tourist,museum visit, transportation information, ticket purchasing, architectural attraction
Pompei,,Viola P,female,tourist, parent,travel information, kids entertainment, ticket information
Pompei,,Viola P,female,tourist, parent,guidance, child entertainment, queuing information, travel planning
Arezzo,Bergamo Italia,Girella,,local,local news updates
Provincia di Foggia,Castelfranco,Francesco V,male,tourist,photography locations, vacation advice
Comano Terme,Rovigo Italia,babbut,uncertain,tourist,hotel information
Toscana,Firenze Italia,puffin58,uncertain,impossibile,spam
Assago,,waffycagneto n,uncertain,tourist,parent,ticket verification,avoid disappointment
Breuil-Cervinia,Verbania Italia,95JackAl94,uncertain,tourist,ebike rental information
Roma,Roma Italia,LuLa 🇮🇪 ☀️,uncertain,art tourist,explore art exhibition
Verona,italy,ReviewsItaly,uncertain,tourist parent,affordable quality product
Marzamemi,Spagna,Silvia,female,tourist,travel advice, restaurant recommendations
Verona,Bergamo Italia,Ssarii,Errore di formattazione
Roma,,Marlettino1978,uncertain,tourist,cultural event recommendations,travel advice,local insights
Brescia,Rovetta Italia,lup076,Errore di formattazione
Langhe e Roero,Dozza Italia,pirsichella,female,family,travel advice, culinary recommendations, child-friendly recommendations
Roma,Roma Italia,LuLa 🇮🇪 ☀️,uncertain,impossibile,spam
Puglia,,Gloria,Errore di formattazione
Bari,Olbia Italia,Milaworldwide,uncertain,tourist,transportation guidance, availability of taxis, night transportation
San Martino Di Castrozza,taranto,mifav,Errore di formattazione
Roma,Roma Italia,Zioriky,Errore di formattazione
Roma,Roma Italia,LuLa 🇮🇪 ☀️,uncertain,impossible,spam
Roma,Roma Italia,LuLa 🇮🇪 ☀️,uncertain,local,information about local events
Comano Terme,Messina Italia,Enrico L,male,local,travel companion
Siracusa,Roma Italia,tata063,uncertain,tourist,car rental, accommodation, parking, route planning
Grosseto,Grosseto Italia,Barbara R.,,tourist,theatre attender,quick dinner suggestions,theatre show information,culinary advice
Sardegna,,Silvia V,female,tourist,affordable seaside camping, child-friendly, budget-friendly holiday, shallow waters
Venaria Reale,Torino Italia,Barbara M,Errore di formattazione
Torino,Torino Italia,Barbara M,Errore di formattazione
Provincia di Torino,Torino Italia,Barbara M,female,local,local product promotion
Provincia di Torino,Torino Italia,Barbara M,female,impossibile,spam
Torino,Torino Italia,Barbara M,female,culinary tourist,information about wine event, cultural experiences, gastronomic experiences
Torino,Torino Italia,Barbara M,female,tourist,cultural events, gastronomy, guided tours
Umbria,Milano Italia,Papaja C,Errore di formattazione
Venezia,Mondo,SandraF,female,group coordinator,find restaurant,affordable price,fast booking,accommodate large group
Firenze,Firenze Italia,Carlina,female,tourist,monument information, video content, reopening update
Genova,Montesilvano Italia,Cabanal,uncertain,tourist,online ticketing information, entrance clarification
Umbria,,Enza,female,tourist,information about christmas markets
Alba,Torino Italia,Barbara M,female,impossibile,spam
Firenze,Firenze Italia,Carlina,female,tourist,tourist information
Roma,Roma Italia,LuLa 🇮🇪 ☀️,uncertain,tourist,extended swimming season
Venezia,Italia,silla03,uncertain,tourist,
Sardegna,,Francesco,male,tourist,transportation advice, parking information
Roma,,Azzurra C,Errore di formattazione
Roma,Roma Italia,Zioriky,uncertain,tourist,specialized agencies in rome
Palermo,,Gennaro D,male,tourist,accommodation guidance, culinary advice, tour planning
Lago di Garda,Torino Italia,roberta_tartaglino,female,tourist, parent,attractions recommendation, child-friendly activities, festive activities
Milano,Vicenza Italia,DILU,,,,,
Trieste,,Mario,male,tech enthusiast,computer assembly advice
Roma, Italia,LuLa 🇮🇪 ☀️,Sabato 14 e domenica 15 ottobre 2023,uncertain,spam,impossibile
Siracusa,Roma Italia,tata063,uncertain,tourist,car rental information, parking information, accommodation advice, beach accessibility
Grosseto,Grosseto Italia,Barbara R.,female,tourist,quick dinner suggestions
Sardegna,,Silvia V,female,tourist, parent,affordable seaside camping, child friendly destination
Venaria Reale,Torino Italia,Barbara M,female,art tourist,explore historical exhibits
Torino,Torino Italia,Barbara M,Errore di formattazione
Provincia di Torino,Torino Italia,Barbara M,female,impossibile,spam
Provincia di Torino,Torino Italia,Barbara M,female,tourist,information about gardening events, local culture and history
Torino,Torino Italia,Barbara M,female,impossible,spam
Torino,Torino Italia,Barbara M,female,tourist,cultural events information, culinary experience
Umbria,Milano Italia,Papaja C,uncertain,tourist,accommodation recommendations, travel itinerary
Venezia,Mondo,SandraF,female,student coordinator,affordable restaurant reservation, quick booking, accommodate large group
Genova,Montesilvano Italia,Cabanal,uncertain,tourist,clear information
Umbria,,Enza,female,tourist,information on christmas markets
Milano,,Davide,male,traveler,parking advice, travel assistance
Riccione,Bisceglie Italia,naimre81,uncertain,tourist,place recommendations, culinary advice
San Vito lo Capo,Trieste Italia,furo66,uncertain,tourist,public transportation information
Pompei,Montelupo,MAGDA C,female,tourist,information about luggage storage, planning weekend trip
Torino,,Diego L,male,worker,finding affordable housing
Milano,Friuli-Venezia,b0vary,Errore di formattazione
Langhe e Roero,Bassano Del Grappa,Francesca P,female,tourist,travel advice, accommodation info, local attractions
Palermo,Trieste Italia,furo66,Errore di formattazione
Roccamonfina,Salerno Italia,giul187781,uncertain,tourist,accommodation advice, tourist attractions
Provincia di,6Stellina3,Buongiorno a tutti, sapete consigliarmi delle località dove poter trovare comodi IN PAESE i baby park e la scuola sci per piccolini senza dover necessariamente prendere gli impianti per risalire ? Come ad esempio c'è ad Ortisei per intenderci se qualcuno di voi c'è stato.,uncertain,tourist,baby park,ski school for small kids,locations without uphill facilities
Napoli,Pistoia Italia,Vnxxina,female,tourist,accommodation advice, weather advice, promenade suggestion
Veneto,Provincia di,6Stellina3,uncertain,local parent,kid-friendly locations, close amenities, ski school recommendations
Provincia di Savona,Milano Italia,mariarita p,female,tourist,excursion information
Napoli,,fede,Errore di formattazione
Preganziol,East Midlands,ColMoschin96,uncertain,tourist,information about train tickets, understanding train stations
Napoli,Bassano Del Grappa,Francesca P,female,tourist,local seafood restaurant suggestions
Roma,,Maria S,female,tourist,transportation information,museum visit,park tour,accommodation directions
Alghero,,Stefano,male,tourist,travel advice, weather information, sightseeing recommendations
Trento,Milano Italia,Nagasadhu,uncertain,tourist,accommodation suggestions, christmas market information
Costiera Amalfitana,,fede,Errore di formattazione
Abruzzo,,Bruny68,uncertain,tourist,touristic information, accommodation advice, excursion recommendations
Dolomiti del Trentino,Matera Italia,AngelaEsse,female,tourist,ski resort recommendation, transportation options, suitable for beginners
Trentino-Alto Adige,,Fra_S8,female,tourist,ski suggestions, visit local villages
Pula,Torino Italia,Chiara P,female,tourist, parent,local recommendations, family friendly activities, nightlife information
Puglia,brescia,minuvia,uncertain,tourist,affordable car rental, puglia travel tips
Orio Al Serio,Versilia,MollyVersilia,female,tourist,travel advice
Roma,Roma Italia,LuLa 🇮🇪 ☀️,Errore di formattazione
Imola,Bisceglie Italia,naimre81,uncertain,tourist,travelling advice, public transportation information
Roma,Vò Italia,Federico_Meneghini,male,tourist,tourist accommodation, train transportation, nightlife advice
Milano,,Nicola L,male,prospective migrant,housing availability, neighborhood information, local opinions, price range
Liguria,,Helena D,female,tourist,vacation home recommendation
Milano,Pordenone Italia,yoelo81,Errore di formattazione
Cagliari,Italia,xyzeta,uncertain,impossible,spam
Marino,Roma Italia,LuLa 🇮🇪 ☀️,uncertain,impossibile,spam
Santa Margherita di Belice,Erice Italia,Rafraf82,uncertain,tourist,find ficodindia sellers, understand local market
Foligno,Torino Italia,Giringiro_12,uncertain,impossible,opinions
Roseto Capo Spulico,Lecce Italia,saveriodb,male,car driver,traffic law information, speed control locations
Provincia di Brescia,Trieste,Alessandro T,male,tourist,travel recommendations, culinary advice, local attractions, cultural insight
Firenze,Firenze Italia,Carlina,female,impossibile,spam
Lago di Garda,Lucca Italia,Paola-Marco7872,Errore di formattazione
Roma,Milano Italia,Alessandro S,male,conference attendee,transportation advice, conference directions
Salerno,Empoli Italia,Gabriella T,female,tourist,public transportation information
Matera,Palermo Italia,mikec98,male,tourist,parking information,access to shuttle service,route recommendation
Roma,Roma Italia,LuLa 🇮🇪 ☀️,uncertain,impossibile,spam
Bagnacavallo,,Walter_069,Errore di formattazione
Venezia,,Clio,uncertain,tourist,secure parking, convenient parking
Ercolano,Ercolano Italia,Vincenzo E,Errore di formattazione
Punta Prosciutto,Piemonte Italia,Valentina M,female,tourist,clean environment, waste management, respect for natural parks
Lucignano,Firenze Italia,Brun066,uncertain,impossibile,spam
Zagarolo,Roma Italia,LuLa 🇮🇪 ☀️,,tourist,events information, culinary experience
Salento,Tarvisio Italia,Nevepitt,uncertain,tourist,security information, travel advice
Torino,,Loca,uncertain,tourist,suggestions for sightseeing, late night flight arrangements, recommendations for local attractions
Bologna,Modena Italia,ziadenny,uncertain,local,affordable, reliable parking, shuttle service
Cortina d'Ampezzo,,Gilberto R,Errore di formattazione
Noto,,ipsivet,uncertain,tourist,
Parma,Mantova Italia,Elisabetta Mattioli,female,traveler,
Napoli,Livorno Italia,twigan,uncertain,tourist couple,holiday guidance,navigation advice,transport recommendations,tour planning
Chia,,elena b,female,tourist,travel advice, itinerary suggestions
Torino,,Loca,uncertain,business traveller,information about piemonte
Bologna,Modena Italia,ziadenny,uncertain,traveler,affordable parking, airport shuttle service
Cortina d'Ampezzo,,Gilberto R,male,mountain tourist,mountain hiking information, travel guidance, safety equipment advice
Noto,,ipsivet,uncertain,tourist,parking information, travel guidance
Parma,Mantova Italia,Elisabetta Mattioli,female,tourist,affordable parking,airport proximity,long-term parking
Napoli,Livorno Italia,twigan,uncertain,tourist, culinary tourist,travel advice, transportation options, itinerary suggestions
Chia,,elena b,Errore di formattazione
Marina Palmense,Rovetta Italia,lup076,uncertain,culinary tourist,local food information,affordable dining alternatives,recommendations on local products
Roma, Italia,LuLa 🇮🇪 ☀️,Per varie info:,uncertain,spam,impossible
Roma,Roma Italia,LuLa 🇮🇪 ☀️,uncertain,tourist,cultural events information
Siracusa,Ginevra Svizzera,Giulia,female,tourist,
Porto Cesareo,Barberino Di,egitrivi,Errore di formattazione
Badia,Firenze Italia,Sergio S,male,tourist,destination information, sightseeing recommendations
Pescara,,Elisabetta B,female,tourist,proper travel guidance, reliable communication, efficient service, complete information
Lido delle Nazioni,Francia,LucaeF,Errore di formattazione
Lido delle Nazioni,milano,triglia1968,,tourist,holiday feedback
Ancona,Pavia Italia,ValeDS77,female,prospective city mover,moving advice, city information, quality of life insights
Torino,Friuli-Venezia,b0vary,uncertain,tourist,travel itinerary suggestions, local holiday info
Napoli,Genova Italia,Lelli141,uncertain,tourist, person with disabilities,accessible route advice, electric tricycle rental, transport recommendations
Siracusa,Napoli Italia,Simok,Errore di formattazione
Castellana Grotte,Amsterdam Paesi,Giulia80Z,female,tourist, parent,family-friendly tourist advice, holiday planning
Punta Prosciutto,Bologna Italia,Lucia B,female,tourist,security, theft warning
Stintino,,chiara M,female,tourist,accommodation recommendation,family friendly services,local travel advice
Roma,,Valentina M,Errore di formattazione
Napoli,,bigwanderlustadd,female,tourist,city visit guidance,restaurant recommendations,shopping advice,cultural hints
Provincia di Como,Provincia di,SereBio82,female,environmental biologist,relocation advice,nature surroundings,work-life balance,housing affordability
Basilicata,Firenze Italia,a c,uncertain,tourist,travel suggestions, local interaction, car travel guide
Roccella Ionica,Pero Italia,sweetlullabies,uncertain,family tourist,child-friendly beach, snorkeling areas, evening attractions
Chiavenna,Lombardia Italia,elmart,uncertain,tourist,local events information, wine tasting, cultural education
Asinara,,Walter P,male,tourist,transportation suggestions,electric car rentals,travel advice,weather information
Forli,,Amos R,male,prospective tenant,seeking rental accommodation urgently
Santa Teresa Gallura,Faenza Italia,Sara S,female,tourist,agriturismo recommendations, local cuisine information
Lampedusa,Milano Italia,Silvia S,female,tourist,accommodation advice, travel tips
Piombino,,ariaofny,,tourist,accommodation recommendation, tourism guidance, culinary advice, exploration guidance
Livorno,,Go616816,uncertain,tourist,directions, transportation information
Stintino,Pisa Tuscany Italy,Erika B,female,tourist,touristic information, beach equipment booking
Emilia-Romagna,Bergamo Italia,Ssarii,uncertain,tourist,travel advice,city recommendations,short trip suggestions
Basilicata,,Bernal,uncertain,tourist,transport information, sightseeing guidance, budgeting help, accommodation details
Napoli,Asti Italia,LaSimoG,,art tourist,organized street art tour, taxi assistance, more art locations
Cavallino-Treporti,Venezia Italia,Daniela C,female,cycling enthusiast,places for cycling, scenic bike routes
Pantelleria,Provincia di,s0nias76,female,tourist,weather information, clothing advice
Roma,Roma Italia,Iaia C,female,local,transport update, workaround solution
Roma,Noventa Padovana,Miguel M,male,tourist,accommodation advice, parking information, public transportation
Trentino-Alto Adige,Melegnano Italia,78Dany78,uncertain,tourist,ski resort advice
Siracusa,Bari Italia,gowanda,uncertain,tourist,theater information, historical site status
Trentino-Alto Adige,,cate,uncertain,tourist,spa hotel, buffet restaurant
Alba Adriatica,Milano Italia,Kayda,female,tourist,travel assistance,budget planning,food/cuisine suggestions
Viareggio,Parma Italia,nilus5775,uncertain,culinary tourist,find affordable catalana
Sardegna,Melide Svizzera,Sara,female,tourist,travel recommendations
Alba Adriatica,Rottofreno Italia,LucyAngy,female,tourist,vacation advice, quality check, sea clarity
Trieste,,Domenico,male,tourist,travel advice, accommodation suggestion
Matera,,Romeopaci,uncertain,local,parking information, local guide
Roma,,Erika p,female,tourist,affordable accommodation, proximity to foro italico, walking distance, local recommendations
San Vito lo Capo,Bergamo Italia,Alessia Servalli,female,tourist,beach equipment rental
Simeri Mare,,Caterina C,female,tourist,local guidance,food and drink,shopping malls
Emilia-Romagna,Palermo Italia,mikec98,male,tourist, car enthusiast,travel advice, car museums, attractive sites nearby
Stintino,,Gcr,uncertain,tourist,informazioni sulla prenotazione ombrelloni
Santa Teresa Gallura,novara,farfalla60,Errore di formattazione
Lignano Sabbiadoro,Giussano Italia,DaRioBallabio,Errore di formattazione
Santa Teresa Gallura,Faenza Italia,Sara S,female,tourist, family,travel advice, tour organization guidance
Bormio,Firenze Italia,Brun066,uncertain,impossibile,spam
San Vito lo Capo,Provincia di Como,tamycanta76,uncertain,tourist,culinary tourism,outdoor activities,cost-effective transportation
Bagheria,Provincia di Pesaro,Cerbi83,uncertain,family tourist,affordable vacation, peaceful environment, child-friendly, good food
Sicilia,Barberino Di,egitrivi,uncertain,tourist,accommodation advice, local travel tips
Provincia di Vibo Valentia,Bergamo Italia,sciucran_spuntidiviaggio,uncertain,local,to report environmental concerns
Tindari,,Bonanno G,male,tourist with family,travel suggestions,calm beaches,eating spots
Puglia,,Lorenzo E,male,tourist family,lodging,dining,tourist information,child-friendly activities
Terracina,,oninno,uncertain,tourist,beach suggestions near terracina
Palermo,,Francesco R,male,prospective university student,university accommodation advice,city life information,university information,transportation details
Provincia di Potenza,Milano Italia,Fiore,uncertain,tourist,local cuisine restaurant,travel organization
Moncenisio,Torino Italia,Irene C,female,tourist,camping information
Cinque Terre,Provincia di,maialagodigarda,uncertain,tourist,transportation information, parking information
Trentino-Alto Adige,Provincia di Como,Cozy Family,Errore di formattazione
Venezia,,Francesca V,female,tourist,ticket information, entrance guidance
Sirolo,Busto Arsizio,Davide S,uncertain,tourist,better treatment,explanation for problems,polite response,hospitality courses
Villasimius,Gallipoli Italia,Francesco Vinci,male,tourist,transportation information, luggage handling, time management
Celle Ligure,Milano Italia,Limapapa02,,occasional visitor,waste disposal areas, better community policies
Lago di Garda,Tonezza del Cimone,Sabrina,female,tourist,pet-free hotels,lake garda area
Napoli,,Caterina S,female,tourist,accommodation recommendations, proximity to sea
Cabras,,Alessia B,female,tourist,weather information, accommodation advice, travel suggestions
Sardegna,Roma Italia,Francesca,female,tourist,low-cost transportation, car rental information
Grosseto,,Rifugio Sora-Ca... P,uncertain,tourist, traveller,accommodation advice, area recommendations
Favignana,Padova Italia,Manuele80,male,tourist,travel advice, dining recommendations
Milano,Pordenone Italia,Ella P,female,tourist,need information about airport regulations
Favignana,,Adriana R.,female,tourist,electric scooter rental advice
Cinque Terre,,Patrizia B,female,tourist,accommodation advice, travel advice, parking information
Sicilia,,Edoardo B,Errore di formattazione
Salento,Caserta Italia,Vincenzo g,male,tourist,travel advice, accommodation suggestions, itinerary planning
Milano,,Silvia A,female,tourist,sicurezza, alloggio economico, turismo familiare
Provincia di Forlì-Cesena,Faenza Italia,Sara S,female,tourist,places for breakfast, sea view dining
Gaeta,Roma Italia,LuLa 🇮🇪 ☀️,uncertain,impossibile,spam
Bolzano,Trentino-Alto,RobyGio7,female,tourist,
Veneto,Milano Italia,nacre75,uncertain,tourist,travel suggestions
Veneto,Veneto Italia,Agnese M 🇮🇹,female,local, travel informant,off-the-beaten-path travel information, cultural experiences, natural sites exploration, community engagement
Marina di Arbus,,Nicola U,male,tourist,camping information
Langhe e Roero,,Caterina T,female,event planner,organizing hen party
Siena,Foggia Italia,Annamaria,female,tourist family,sightseeing advice,cultural exploration,gastronomy tips,transportation advice
Basilicata,,Mariangeles M,female,tourist,itinerary advice, budget estimate, sightseeing recommendations, culinary recommendations, packing advice
Siena,Aosta Italia,LeChiffre,uncertain,cultural tourist,agritourism recommendations, restaurants recommendations, historic buildings, panoramic view
Roma,,Giorgia F,Errore di formattazione
Toscana,Camaiore,Luca V,male,tourist,information about pianosa
Napoli,Rescaldina Italia,Annalisa P,female,culinary tourist,alternative culinary experiences
Firenze,Salò Italia,Esplo,male,tourist,travel advice, accommodation suggestions, restaurant recommendations, sights to see
Provincia di Brindisi,Provincia di,Francesco F,male,tourist,accommodation guidance, regional exploration, nightlife activities
Sarmede,,Alessandra G,Errore di formattazione
Sardegna,Milano Italia,QMax,uncertain,tourist,travel advice, public transport information, trekking routes, cozy city centers
Provincia di Forlì-Cesena,,Amos R,male,local,housing, location specific
Cupra Marittima,Milano Italia,PesciolinaMilano,uncertain,tourist,beach condition inquiry
Cinque Terre,Empoli Italia,Gabriella T,female,tourist,travel recommendations,accommodation advice,transportation tips
Sardegna,Italia,LunaRosa,female,tourist,beach visit information
Alba Adriatica,Bolzano Italia,VivianaBz,female,tourist,alba adriatica holiday enlightenment
Riviera ligure,,Branisae,uncertain,tourist,find 3-star superior hotels
Abruzzo,,Claudia,female,tourist,travel directions
Valtournenche,Italia,matteg1893,Errore di formattazione
Sardegna,Fontanellato Italia,Sabry83!,Errore di formattazione
Lecce,Frascati Italia,Massimiliano B,,tourist,
Ragusa,,Bruny68,uncertain,tourist,parking recommendation, restaurant suggestion, navigation help
Marche,Veneto Italia,cifi,uncertain,tourist,pet-friendly accommodation
Orio Al Serio,Siponto Italia,annaManfredonia,female,tourist,travel logistics, time management, reliable transportation
Provincia di Cosenza,Benevento Italia,alerre85,uncertain,tourist,holiday decision guidance
Castellammare del Golfo,Viterbo Italia,Federica,female,tourist,transport information, sightseeing options
Budoni,Torino Italia,CELESTE T,female,tourist,wi-fi, power sockets, beach bar
Trapani,Novara Italia,Francesca D,female,budget traveller,transportation advice, vacation planning, saving tips, sightseeing information
Castellammare del Golfo,Viterbo Italia,Federica,female,tourist,transportation advice, local travel tips
Bellaria-Igea Marina,Modena Italia,Giorgia B,female,local,clear parking regulations
Bisceglie, Italia,naimre81,Ciao a tutti,,uncertain,tourist,travel suggestions, social activities
Taormina,Roma Italia,Ceci,female,tourist,travel planning, vacation recommendations, car hire
Scopello,,Silvia S,female,outdoor enthusiast,information on kayak rental,possibility of independent excursions
Favignana,,Umberto M,male,tourist,weather update, sea temperature, local advice
Sicilia,,Nunzia T,female,tourist,travel tips, kid-friendly, beach suggestions
Manfredonia,Nizza Francia,siponta,uncertain,tourist,impossibile
Firenze,Roma Italia,Graziella P,female,tourist,trip planning, sightseeing advice, accommodation details
Firenze,Roma Italia,Graziella P,female,tourist,place visiting suggestions,travel itinerary
Fano,Novara Italia,Elena,Errore di formattazione
Salento,Meaux Francia,Norma C,uncertain,family tourist,family activities, beach recommendations
Salento,Milano Italia,Blondie&Polpetta,uncertain,tourist, roadtripper,travel advice, trip planning, local insight
Sicilia,Napoli Italia,Simok,Errore di formattazione
Bergamo,Milano Italia,Bruceas,uncertain,local,
Isole tremiti,Oderzo Italia,natnev1,uncertain,tourist,accurate information, better tourism packages, more swimming spots, respect for nature
Lago di Como,Provincia di Monza,miner,uncertain,tourist,tourist information, transportation schedule
Sardegna,Verona Italia,ashtroman,male,tourist,scooter rental agency, pickup-dropoff multiple locations, coast-to-coast travel, vehicle not over 125cc
Roma,Piacenza Italia,Emanuele F,male,tourist,affordable parking suggestion, metro information
Nova Siri,Gambettola,maddaberta,Errore di formattazione
Vieste,Macerata Italia,samos1958,Errore di formattazione
Follonica,,Alex,uncertain,first-time tourist,travel advice, culinary suggestions, activity suggestions, museum recommendations
Carovigno,Torino Italia,amoviaggiare58,uncertain,tourist,vacation planning
Diamante,Milano Italia,paolar149,female,local,environmental protection, sincere administration response
Lombardia,Italia,MaLiMa2013,Errore di formattazione
Crotone,Venezia Italia,Marina B,female,tourist,car rental information, specific location service
Peschiera del Garda,,Gilberto M,male,emigrant worker,job in peschiera, accommodation in peschiera, artisan work in camping platz, jobs for wife
Silvi Marina,,Alan Negri,male,tourist,beautiful beach, equipped beaches
Marzamemi,Brescia Italia,anima,uncertain,family tourist,accommodation advice,beach recommendations,transportation details
Provincia di Bergamo,,simranjeet s,uncertain,tourist,free parking information
Marzamemi,Brescia Italia,anima,uncertain,family tourist,recommendations for equipped beaches, local area services
Provincia di Bergamo,,simranjeet s,uncertain,tourist,free parking information
Lazio,Roma Italia,LuLa 🇮🇪 ☀️,uncertain,young resident,free transportation, youth benefits
Favignana,Amburgo Germania,EleRo,Errore di formattazione
Sardegna,,margheloreste,uncertain,tourist,travel information, ferry journey duration
Dolomiti del Trentino,Bari Italia,gironzolante,uncertain,family tourist,child-friendly vacation, low altitude activities, affordable accommodations, train travel advice
Umbria,Milano Italia,lucetta_10,female,solo traveler,travel advice, accommodation suggestion, transportation options
Rodi Garganico,Bologna,ElenaC76,female,tourist,travel advice
Roma,Roma Italia,Fabrizio,male,tourist,family vacationer,culinary tourist,rome vacation planning,transportation advice,local cuisine recommendations
Scopello,,Giulia G,female,tourist,online ticketing information
Puglia,Bologna Italia,Carlo T,uncertain,tourist,explore southern puglia,rental car service,beautiful locations,beach experience
Marinella di Sarzana,cremona,paola b,uncertain,tourist,information about marinella di sarzana
Rasun Anterselva,Venezia Italia,mrossi13,female,local, elderly caretaker,accessible tourist routes, senior-friendly activities, transportation schedule, local dining recommendations
Lecce,Cassino Italia,cdp76,uncertain,tourist, parent,child-friendly transport, visit advice, reservation details
Milano,Provincia di,Gaucho Moralez83,male,tourist,accommodation advice, parking availability, proximity to metro
Torino,Italia,Rossella S,Errore di formattazione
Abruzzo,,Davide,male,travel planner,determining strategic locations, day trip planning, town recommendations, varied trip experiences
Sottomarina,,zircone blu,Errore di formattazione
Cinque Terre,Cesena Italia,_camillarocchi97,Errore di formattazione
Abruzzo,,Manu80,uncertain,tourist,restaurant recommendation, culinary information
Chiavari,Piemonte Italia,alexylifechoco,uncertain,tourist,relaxation,companionship
Genova,Carcare Italia,Gaia Pesce,female,traveller,navigation assistance, reliable transportation info
Albenga,Italia,MaLiMa2013,uncertain,local,event information
Trapani,,Giulia G,female,tourist,ticket purchase online,information about scopello
Trentino-Alto Adige,roma,vane g,female,tourist,travel guidance
Trentino-Alto Adige,Umbria Italia,veryG,uncertain,family tourist,affordable vacation spots,children entertainment,beautiful landscapes,daily transportation
Erchie,Napoli Italia,Imma_Vi,uncertain,tourist,travel information, parking suggestions
Roma,Roma Italia,LuLa 🇮🇪 ☀️,uncertain,spam,impossibile
Rodi Garganico,Bologna Italia,rimalade,uncertain,tourist,information about toxic algae,local news confirmation,swimming restrictions
Cagliari,Nadia,Ciao, io e il mio compagno abitiamo a Milano. Vorremo andare in vacanza in montagna ma senza far ricorso all'auto. Avete qualche suggerimento?,Errore di formattazione
Trentino-Alto Adige,Scerne Italia,pierpaolo croce,male,tourist,accommodation, facilities inquiry
Trentino-Alto Adige,,FuoriDalBorgo,Errore di formattazione
Pantelleria,Palermo Italia,Laura Penni,Errore di formattazione
Calabria,,mbafrank,uncertain,tourist,travel advice, local cuisine, entertainment, transportation tips
Bologna,Reggio Emilia,Riccardo F,male,local,chiede informazioni parcheggio
Orosei,Griante,Gloria T,female,tourist,dog-friendly beaches
Valle d'Aosta,Veneto Italia,iMarcoDeLai,uncertain,tourist,museums tips,travel advices,public transportation info
Cetraro,,AntPi,uncertain,tourist,local advice, culinary recommendations, sightseeing tips
Marsala,Borgo San Lorenzo,000E,uncertain,tourist,tour guidance,recommendations,landscape appreciation,social relaxation
Sardegna,,Martina S,female,tourist,accommodation advice, beach recommendations, boat trip contacts
Tropea,,wolfcub91,Errore di formattazione
Dolomiti del Sud Tirolo,Lucca Italia,Marco R,Errore di formattazione
Isola d'Elba,Lungavilla Italia,Matteo,male,tourist,advice for travel,ferry usage guidance,rental service suggestion,destination recommendation
San Teodoro,Pavia Italia,robertas23414,uncertain,tourist,authentic local cuisine
Bari,Padova Italia,Trip524120,uncertain,tourist,traveling guidance, parking information, reducing travel stress
Viareggio,Lugano Svizzera,Eraldo,Errore di formattazione
Lucca,Palermo Italia,dafne66,uncertain,tourist,travel guidance, event information
Tarquinia,Roma Italia,Ludo,uncertain,family tourist,beachfront recommendation,green, natural surroundings,close locations (child unfriendly to long car rides)
Gardone Riviera,Cuneo Italia,danilo p,uncertain,tourist,affordable accommodation,camping information
Teulada,,elena b,Errore di formattazione
Dolomiti del Trentino,Firenze Italia,Marta,uncertain,tourist,treking suggestions,accommodation options,travel tips
Valle Aurina,Trento Italia,FFitalia,uncertain,outdoor tourist,relaxation, soft trekking, cycling routes, proximity lodging
Levanzo,Merate Italia,vm77,uncertain,tourist,accommodation in levanzo
Trentino-Alto Adige,Ibiza Spagna,Marta A,female,holiday planner,travelling information, family vacation planning, local attractions, travel logistics
Venezia,Italia,Glicine,uncertain,traveller,affordable accommodation, advice on nearby cities, train accessibility
Isola d'Elba,Cusago Italia,JARHEAD1981,male,tourist,accommodation advice,restaurant recommendations,beach booking,tour planning
Roma,,Walter_069,male,family tourist,safe neighborhood, sightseeing
Pinzolo,Vallio Terme Italia,Vanessa,Errore di formattazione
Ancona,Roma Italia,contenitore21,uncertain,tourist,directions, public transport info
Sardegna,Modugno Italia,GianlucaL610,uncertain,tourist,accommodation, convenient location, evening activities, dining
Tropea,Pescara Italia,Vivi300486,uncertain,tourist,beach recommendations
Pozzuoli,Napoli Italia,Marco C,male,tourist,secure parking, ferry access
Aprilia,Caserta Italia,Donatella S,female,intern,company insights, housing advice, local guidance
Roma,,DOmi85,uncertain,airport employee,safety,relocation advice,fear management
Torre Lapillo,Lecce Italia,antonio r,male,local,disabled friendly beaches
Roma,Roma Italia,Stefano M,male,art tourist,archeological interest, curiosity about exhibitions
Ischia,,TwenthyFour,uncertain,tourist,parking information, travel information
Lido Adriano,Milano Italia,carotenutoS,Errore di formattazione
Albinia,Milano Italia,Olgy77,uncertain,tourist,italian travel advice
Villasimius,,Adriano T,male,tourist,wind patterns knowledge,beach exploration
Taormina,veneto,pasqualino1,uncertain,couples tourists,lounge recommendations,dinner restaurant recommendations,lunch restaurant recommendations,nightlife information,disco recommendations,beach club details,activity suggestions
Trentino-Alto Adige,Montopoli in Val,Sabrina U,female,pet owner tourist,vacation advice for pets
Emilia-Romagna,,Andrea D,Errore di formattazione
Val di Noto,napoli,ranieri_ruzza,Errore di formattazione
Roma,,Leizia C,Errore di formattazione
Palermo,Senigallia Italia,Desirè N,female,solo tourist,solo trip planning, evening activities, night security concerns
Abruzzo,,Simone C,,tourist,local travel advice
Villasimius,Bologna Italia,Daniela62Roger,Errore di formattazione
Isola d'Elba,Bergamo Italia,Girella,uncertain,impossibile,spam
Capo Vaticano,Lamezia Terme,Kristina R,female,tourist,baby-friendly beach, free parking options, distance to beach
Isola d'Elba,Italia,Francesco O,male,tourist,transportation information, beach accessibility
Pescara,Bisceglie Italia,naimre81,uncertain,tourist,travel information,culinary advice
Abruzzo,Napoli Italia,emi d,uncertain,traveler,transport information, affordable detailing, local logistics, detailed guide
Roseto Degli Abruzzi,Milano Italia,Luca D,male,tourist,
Salento,Reggio Emilia,anna,female,tourist,transport information, vacation planning
Lago di Garda,,TA_Veynard,uncertain,impossibile,impossibile
Isole Egadi,italy,azezza,uncertain,tourist,tourism advice,crowd avoidance,transportation cost
Capo d'Orlando,,Riccardo S,male,tourist,travel information, dining suggestions, local sightseeing
Palermo,Roma Italia,Daniela S,female,tourist,parking advice,city tour suggestions,possible activities
Agrigento,Taviano Italia,Caraale,uncertain,family tourist,kid-friendly places,beautiful marines,tourist attractions
Puglia,Bellinzona Svizzera,SabbiaTraLeDita,uncertain,tourist,electric vehicle charging station information, travelling advice
Polignano a Mare,Pineto Italia,Matilde D,female,tourist,tourism information, weather information, swimming conditions
Termoli,Verona Italia,SilviaP,female,tourist,detailed travel information,convenient parking,reliable ferry services,assistance for sea sickness
Termoli,Treviso Italia,Marica1981,female,tourist,private boat tour information
Bologna,Provincia di,MarcelaVerona,female,tourist,affordable transportation, express options
Provincia di Torino,Torino Italia,Barbara M,female,tourist,local transport, hiking, cycling, nature exploration
Roma,bari,archeologo2014,,concert attendee,parking information,concert details
Pesaro,Friuli-Venezia,b0vary,uncertain,tourist,location for dinner, scenic view, helpful recommendations
Sardegna,Camerata Picena,Sandro S,male,tourist, parent,family-friendly activities, beach suggestions, travel advice
Basilicata,Italia,Umberto P.,Errore di formattazione
Sardegna,Birmingham Regno,Francesco A,male,family tourist,beach facilities information, contact details for beach facilities
Sicilia,,Alux1984,Errore di formattazione
Lampedusa,Ancona Italia,mattia P,male,tourist,travel guidance, destination inquiry, transport guidance, accommodation advice
Cervia,,Pietro,male,tourist,information on public amenities
Gallipoli,Provincia di Lucca,Silvia C,female,tourist, parent,safe holiday location, family-friendly activities, shopping destinations
Sicilia,ravenna,filravenna,female,tourist,travel planning, car rental, advice, itinerary info
Dolomiti del Trentino,roma,vane g,Errore di formattazione
Calabria,Lanciano Italia,StefanoDan,male,tourist,travel information, culinary suggestions, excursion advice
Sant'Anna Arresi,Livorno Italia,Paola D,female,gluten-free cook,
Isola d'Elba,,Anna,female,tourist, parent,tranquil equipped beaches
Isola d'Elba,Ancona Italia,MilleB0lleBlu,uncertain,tourist, parent,vacation planning, kid-friendly tourism, relaxation, natural sightseeing
Isola d'Elba,Bergamo Italia,Girella,uncertain,tourist,transportation, parking
Abruzzo,Roma Italia,alessia79,female,tourist, family, beach-goer,
Provincia di Trento,Provincia di,Vincenzo C,male,tourist, parent,travel advice, accommodation advice, transportation tips
Roma,Pisa Italia,Andrea_84_Pisa,male,concert goer,parking information, concert directions
Toscana,,Porgolo,uncertain,tourist,accommodation with daily mini club
Diano Marina,,federica,female,mother,child-friendly beach recommendation
Sicilia,Provincia di Pesaro,Cerbi83,uncertain,tourist, parent,quality sea, kid-friendly restaurants
Roma,Roma,brontyroma,uncertain,tourist, local,information about attraction prices
Padova,,Giacomo L,male,tourist,quiet accommodation, close to center
Sicilia,Casinalbo Italia,Elisa F,Errore di formattazione
Isole Eolie,Castelfiorentino,Mariano G,male,tourist,travel advices, parking information, accommodation choices, boat tour suggestions
Stintino,Varese Italia,Obi-Obe Kenobi,uncertain,local,improved waste management
Cagliari,Puglia Italia,Emanuele,male,tourist,transport information, local tourism guide
Basilicata,,cecil21,uncertain,tourist,tour advice, travel planning, destination recommendation
Trentino-Alto Adige,,mattux52,male,tourist, parent,travel advice, family-friendly destinations, relaxation, trekking
Sardegna,,Giada B,female,tourist,travel advice, accommodation suggestions, nightlife options, sightseeing recommendations
Gallipoli,Villa Lagarina,Aurora,uncertain,tourist,secure parking,beach recommendation,snorkeling spots,historical city center advice
Marina di Nicotera,,Antonio R,Errore di formattazione
Marche,,Porgolo,Errore di formattazione
Calabria,,BELLONI E,uncertain,tourist,mountain trekking, visit characteristic villages, tourist advice
Costa Rei,,Adriano T,male,tourist,family man,accommodation advice,beach recommendation,activity recommendations,travel suggestions
Siracusa,Provincia di,emme,uncertain,tourist, parent,accommodation advice, transportation advice
Sant'Anna Arresi,Nocera Superiore,Angela,female,tourist,beach recommendations,travel guidance
Penisola del Gargano,,Silvia Rubert,female,tourist,public transport information
Sardegna,Italia,xyzeta,uncertain,impossible,impossible
Alghero,Parma Italia,Bonnie,female,tourist,travel advice,public transportation,destination recommendations
Budoni,Sardegna Italia,Happiness720399,Errore di formattazione
Numana,,Matteo C,male,tourist,beach vacation,shopping information,nightlife information
Falconara Marittima,,Stefania,Errore di formattazione
Scilla,,LuigiLob,male,tourist, driver,accommodation advice, sightseeing suggestions, local transportation tips
Alghero,,Sven S,Errore di formattazione
Marettimo,Milano Italia,QMax,uncertain,tourist,boat excursion, no swim stops, free city time
Torre Lapillo,Cesena Italia,federoni,uncertain,tourist,information about beaches
Milano,Milano Italia,mariarita p,uncertain,local,local news update
Roma,salerno,polar_7,,concert enthusiasts,accommodation, transportation, nearby amenities, concert advice
Salento,,isolano781,Errore di formattazione
Puglia,Italia,Sofija,female,tourist,travel planning, sightseeing advice, relaxation suggestions, transportation details
Emilia-Romagna,Napoli Italia,liberty985,uncertain,family tourist,travel advice, child-friendly location, convenient stay, dinner options
Trentino-Alto Adige,Milano Italia,Luna,uncertain,vacationer,trekking advice, food recommendations, nearby landmarks, coin laundries
Isola d'Elba,Roma Italia,sergio23460,male,tourist,quiet accommodation, parking, mildly distant sea
Roma,,Morena D,female,tourist,affordable transportation
Sicilia,,Giovanna B,female,tourist family,travel itinerary advice
Sardegna,Provincia di,Sissi1709,uncertain,tourist,holiday planning advice, beach recommendation, travel route planning
Marina di Ragusa,,Roberto R,uncertain,tourist,find gluten-free eateries
Sicilia,Falconara,Alessia P,female,tourist,transport information, accommodation advice, local sightseeing
Parco Nazionale del Cilento e Vallo di Diano,,Giovanna,female,pet owner tourist,dog friendly beaches
Provincia di Vibo Valentia,Piacenza Italia,desert,uncertain,tourist,information,accommodation,transportation,local experience
Alto Adige,Milano Italia,Luna,uncertain,tourist, trekking beginner,trekking routes advice, nearby amenities, sightseeing recommendations
Bari,Mondovi Italia,Marti,uncertain,tourist,travel advice, transportation suggestions, accommodation suggestions, sightseeing recommendations
Provincia di Torino,Torino Italia,Barbara M,female,impossibile,spam
Torino,Torino Italia,Barbara M,female,art tourist,guided visit, artistic interest
Porto Santo Stefano,,Bruny68,uncertain,tourist,organized tours information, beach recommendations, transportation options
Bolzano,Cuneo Italia,PatriMella,Errore di formattazione
Calabria,,mbafrank,uncertain,tourist,accommodation advice,tourist destinations
Provincia di Napoli,Italia,Panda C,,tourist,affordable accommodation, public transportation, historical sightseeing, beach and nature
Salerno,Pisa Italia,ElixaG,uncertain,tourist,travel advice, parking service, restaurant recommendation
Sicilia,Rimini Italia,Gioia75,uncertain,returning tourist,transportation, sightseeing, cooling places, beach destinations
Roma, Italia,LuLa 🇮🇪 ☀️,Musei statali e parchi archeologici statali,uncertain,tourist,information on state museums and archaeological parks
Roma,Roma Italia,LuLa 🇮🇪 ☀️,uncertain,tourist,information on free museum entrance
San Benedetto Del Tronto,,Erika E,female,tourist,transportation, local shops
Emilia-Romagna,Sardegna Italia,Raffaella C,female,tourist,transportation advice,travel recommendations
Provincia di,Sara C,Ciao a tutti!,female,tourist,beach resort recommendations, swimming pool, evening activities, private beach
Gallipoli,Villa Lagarina,Aurora,uncertain,tourist,secure parking suggestion, beach recommendations
Trieste,Foggia Italia,Sabina L,female,tourist,transportation information
Roma,Roma Italia,LuLa 🇮🇪 ☀️,uncertain,tourist,religious events information
Toscana,Roma Italia,Alex Kidd,uncertain,tourist, family tourist,accommodation, pool, playground, restaurant, children activities, riding, bicycles
Bergamo,Como Italy,Loredana T,female,traveller,low cost parking, long-term parking, quality service, airport proximity
Roma,Roma Italia,LuLa 🇮🇪 ☀️,uncertain,spam,impossibile
Bergamo,Como Italy,Loredana T,female,tourist,low-cost parking, quality parking, long-term parking
Roma,Roma Italia,LuLa 🇮🇪 ☀️,uncertain,spam,impossibile
Umbria,Como Italia,Monica Dal Lago,female,tourist,itinerary advice,accommodation recommendations,restaurant suggestions,local tips
Palau,,Laura C,female,tourist,travel preparation, local traffic information, parking information, vacation planning
Roma,Roma Italia,LuLa 🇮🇪 ☀️,,tourist,music event information
Portopalo di Capo Passero,,Lorena F,female,tourist,transport information
Ostuni,Porto Sant'Elpidio,Monia M,female,tourist,parking information,evening activities,travel advice
Aosta,Milano Italia,mamybaby,female,tourist,find traditional restaurant
San Teodoro,Lentate sul Seveso,stefystefy26,female,tourist,accommodation advice, public transport information
Trento,Pianezza Italia,VeronicaMaria,female,tourist,tourist attractions, dining recommendations
Palermo,San Sebastiano al,66Pierrot12,Errore di formattazione
Lampedusa,,Vanessa D,female,tourist,affordable dining recommendations
Parco Nazionale del Cilento e Vallo di Diano,San Lazzaro di,Barbians,uncertain,vacationer,vacation planning, accommodation preferences, dining experiences, peaceful environment
Isola d'Elba,Empoli Italia,Gabriella T,Errore di formattazione
San Casciano dei Bagni,Firenze Italia,Brun066,uncertain,impossibile,spam
Roma,Roma Italia,LuLa 🇮🇪 ☀️,uncertain,art tourist,visit domus aurea,learn about nerone,interested in egyptology
Villasimius,,Paolo T,male,tourist,information on beach rentals
Monte Argentario,Ferrara Italia,Linda S,uncertain,tourist,
Isola d'Elba,,Gianpietro F,Errore di formattazione
Lago di Como,,Rosangela Inno,female,tourist,
Roma,,Andrei T,male,tourist,safety advice, travel guidance
Salerno,Bari Italia,Lenaefra,Errore di formattazione
Roseto Degli Abruzzi,Provincia di,roberta i,female,tourist,free beaches, shady areas, proximity to center
Sicilia,Roma Italia,Fabio C,male,tourist,travel recommendations, accommodation advice, cultural exploration, beach relaxation
Alghero,Modena Italia,Franco Eliano,Errore di formattazione
Sicilia,,Marisa P,Errore di formattazione
Lampedusa,,Nicole P,female,tourist,
Stintino,Modena Italia,bazzilunga,uncertain,tourist,beach information, umbrella and sunbed prices
Napoli,Bassano Del Grappa,davideairbasso,male,family tourist,accommodation, transportation, travel guidance
Ustica,,67manus,female,tourist,transportation information, cost estimation, contact information
Napoli,Bassano del Grappa,asia716,uncertain,family tourist,accommodation guidance, public transportation guidance, sightseeing recommendations, weather considerations
Abruzzo,Roma,marco s,male,tourist,guidance,places to visit
Alto Adige,Bari Italia,dennyc.,uncertain,tourist family,travel itinerary, local attractions, child-friendly activities, short excursions
Italia,serena,Quale città d'arte consigliate per un viaggio di 4 giorni a novembre tra Catania e Cagliari ?,,,,,
Provincia di Imperia,Milano Italia,mariarita p,Errore di formattazione
Genova,italy,ReviewsItaly,uncertain,tourist,parking suggestions,transportation advice
Marina di Camerota,Roma Italia,valu_r,Errore di formattazione
Trentino-Alto Adige,,Simone M,male,tourist, cycling enthusiast,natural park recommendations, mountain biking trails, accommodation advice
Sardegna,,Patrizia S,female,tourist,travel advice, sightseeing suggestions, activity recommendations
Sardegna,Roma Italia,Rosa adriana P,Errore di formattazione
Trapani,Pescara,R0berto,male,tourist,information on trapani card
Giannella,Livorno Italia,TerenceGrestal G,Errore di formattazione
Roma,Roma Italia,Iaia C,uncertain,impossible,spam
Sicilia,Bari Italia,gowanda,uncertain,tourist,route recommendations, lunch spot suggestions, sightseeing guidance, advice for archaeological visit
Alto Adige,Bari Italia,dennyc.,Errore di formattazione
Parco Nazionale del Cilento e Vallo di Diano,Milano Italia,GIO1982,uncertain,tourist,accommodation recommendations, local attractions, travel advice, beach information
Sicilia,,margheloreste,female,tourist, family tourist,accommodation advice, itinerary planning, activities for teenager
Pisa,,AsiC,uncertain,tourist,parking recommendation near airport
Pisa,,beatrice p,female,tourist,
Vieste,,Stefano V,male,remote worker,fast, stable internet
Milano, Italia,GIO1982,Buongiorno, approfitto della vostra esperienza di viaggiatori per chiedervi un consiglio! Sono indecisa tra la scelta di 2 tour di gruppo .. l’idea è quella dih abbinare giornate o mezza giornata di mare a qualche tappa “culturale “ ed ho trovato questi 2 itinerari che sembrano fare al caso mio.. il primo è 1 settimana nel Cilento, il secondo 1 settimana in Basilicata /costa jonica.,Errore di formattazione
Gaeta,,Riccardo,male,local,parking advice, beach direction
Alghero,,Stefania B,female,tourist,holiday arrangements,safety information,travel recommendations
Tropea,Trapani Italia,Giovanna M,female,tourist, parent,beach recommendations, restaurant recommendations
Roma,,Nico Yazawa,uncertain,concert tourist,affordable accommodation,close to stadio olimpico,recommendations
Sardegna,,Nicola G,male,tourist,information about methane distributors in sardegna
Firenze,Firenze Italia,Carlina,Errore di formattazione
Lampedusa,,Helleborus61,uncertain,tourist,travel advice, mosquito information
Toscana,Prato Italia,Elena P,female,local, prospective mover,exploring coastal areas, new social circle, job opportunities
Trezzo sull'Adda,Milano Italia,Nagasadhu,uncertain,culinary tourist,find gelaterias with outdoor seating
Milano,Sicilia Italia,Ferdy92,Errore di formattazione
Monte Argentario,varese,andrea572,male,tourist,parking advice
Roma,Padova Italia,dori1973,uncertain,tourist,navigation assistance, concert details
Roma,Roma Italia,LuLa 🇮🇪 ☀️,uncertain,spam,impossibile
Santa Marinella,Roma Italia,Maru Rose,female,tourist,travel suggestions
Roma,Bologna Italia,Sara,female,concert-goer,transportation information, safety assurance
Isole Egadi,Palermo Italia,mikec98,Errore di formattazione
Maratea,Segrate Italia,Eva Maria T,,,,,
Milano,,Monica,female,sports enthusiast,potential customer,seeking information,offline interaction,sports training
Provincia del Sud Sardegna,,valeriaferioli,Errore di formattazione
